1,Dþd,515362857,1978746400
2,Dþd,515362857,1978746400
3,Dþd,515362857,1978746400
4,Dþd,515362857,1978746400
5,Dþd,515362857,1978746400
6,Dþd,515362857,1978746400
7,Dþd,515362857,1978746400
8,Dþd,515362857,1978746400
9,Dþd,515362857,1978746400
10,Dþd,515362857,1978746400
11,Dþd,515362857,1978746400
12,Dþd,515362857,1978746400
13,Dþd,515362857,1978746400
14,Dþd,515362857,1978746400
15,Dþd,515362857,1978746400
16,Dþd,515362857,1978746400
17,Dþd,515362857,1978746400
18,Dþd,515362857,1978746400
19,Dþd,515362857,1978746400
20,Dþd,515362857,1978746400
21,Dþd,515362857,1978746400
22,Dþd,515362857,1978746400
23,Dþd,515362857,1978746400
24,Dþd,515362857,1978746400
25,Dþd,515362857,1978746400
26,Dþd,515362857,1978746400
27,Dþd,515362857,1978746400
28,Dþd,515362857,1978746400
29,Dþd,515362857,1978746400
30,Dþd,515362857,1978746400
31,Dþd,515362857,1978746400
32,Dþd,515362857,1978746400
33,Dþd,515362857,1978746400
34,Dþd,515362857,1978746400
35,Dþd,515362857,1978746400
36,Dþd,515362857,1978746400
37,Dþd,515362857,1978746400
38,Dþd,515362857,1978746400
39,Dþd,515362857,1978746400
40,Dþd,515362857,1978746400
41,Dþd,515362857,1978746400
42,Dþd,515362857,1978746400
43,Dþd,515362857,1978746400
44,Dþd,515362857,1978746400
45,Dþd,515362857,1978746400
46,Dþd,515362857,1978746400
47,Dþd,515362857,1978746400
48,Dþd,515362857,1978746400
49,Dþd,515362857,1978746400
50,Dþd,515362857,1978746400
51,Dþd,515362857,1978746400
52,Dþd,515362857,1978746400
53,Dþd,515362857,1978746400
54,Dþd,515362857,1978746400
55,Dþd,515362857,1978746400
56,Dþd,515362857,1978746400
57,Dþd,515362857,1978746400
58,Dþd,515362857,1978746400
59,Dþd,515362857,1978746400
60,Dþd,515362857,1978746400
61,Dþd,515362857,1978746400
62,Dþd,515362857,1978746400
63,Dþd,515362857,1978746400
64,Dþd,515362857,1978746400
65,Dþd,515362857,1978746400
66,Dþd,515362857,1978746400
67,Dþd,515362857,1978746400
68,Dþd,515362857,1978746400
69,Dþd,515362857,1978746400
70,Dþd,515362857,1978746400
71,Dþd,515362857,1978746400
72,Dþd,515362857,1978746400
73,Dþd,515362857,1978746400
74,Dþd,515362857,1978746400
75,Dþd,515362857,1978746400
76,Dþd,515362857,1978746400
77,Dþd,515362857,1978746400
78,Dþd,515362857,1978746400
79,Dþd,515362857,1978746400
80,Dþd,515362857,1978746400
81,Dþd,515362857,1978746400
82,Dþd,515362857,1978746400
83,Dþd,515362857,1978746400
84,Dþd,515362857,1978746400
85,Dþd,515362857,1978746400
86,Dþd,515362857,1978746400
87,Dþd,515362857,1978746400
88,Dþd,515362857,1978746400
89,Dþd,515362857,1978746400
90,Dþd,515362857,1978746400
91,Dþd,515362857,1978746400
92,Dþd,515362857,1978746400
93,Dþd,515362857,1978746400
94,Dþd,515362857,1978746400
95,Dþd,515362857,1978746400
96,Dþd,515362857,1978746400
97,Dþd,515362857,1978746400
98,Dþd,515362857,1978746400
99,Dþd,515362857,1978746400
100,Dþd,515362857,1978746400
101,Dþd,515362857,1978746400
102,Dþd,515362857,1978746400
103,Dþd,515362857,1978746400
104,Dþd,515362857,1978746400
105,Dþd,515362857,1978746400
106,Dþd,515362857,1978746400
107,Dþd,515362857,1978746400
108,Dþd,515362857,1978746400
109,Dþd,515362857,1978746400
110,Dþd,515362857,1978746400
111,Dþd,515362857,1978746400
112,Dþd,515362857,1978746400
113,Dþd,515362857,1978746400
114,Dþd,515362857,1978746400
115,Dþd,515362857,1978746400
116,Dþd,515362857,1978746400
117,Dþd,515362857,1978746400
118,Dþd,515362857,1978746400
119,Dþd,515362857,1978746400
120,Dþd,515362857,1978746400
121,Dþd,515362857,1978746400
122,Dþd,515362857,1978746400
123,Dþd,515362857,1978746400
124,Dþd,515362857,1978746400
125,Dþd,515362857,1978746400
126,Dþd,515362857,1978746400
127,Dþd,515362857,1978746400
128,Dþd,515362857,1978746400
129,Dþd,515362857,1978746400
130,Dþd,515362857,1978746400
131,Dþd,515362857,1978746400
132,Dþd,515362857,1978746400
133,Dþd,515362857,1978746400
134,Dþd,515362857,1978746400
135,Dþd,515362857,1978746400
136,Dþd,515362857,1978746400
137,Dþd,515362857,1978746400
138,Dþd,515362857,1978746400
139,Dþd,515362857,1978746400
140,Dþd,515362857,1978746400
141,Dþd,515362857,1978746400
142,Dþd,515362857,1978746400
143,Dþd,515362857,1978746400
144,Dþd,515362857,1978746400
145,Dþd,515362857,1978746400
146,Dþd,515362857,1978746400
147,Dþd,515362857,1978746400
148,Dþd,515362857,1978746400
149,Dþd,515362857,1978746400
150,Dþd,515362857,1978746400
151,Dþd,515362857,1978746400
152,Dþd,515362857,1978746400
153,Dþd,515362857,1978746400
154,Dþd,515362857,1978746400
155,Dþd,515362857,1978746400
156,Dþd,515362857,1978746400
157,Dþd,515362857,1978746400
158,Dþd,515362857,1978746400
159,Dþd,515362857,1978746400
160,Dþd,515362857,1978746400
161,Dþd,515362857,1978746400
162,Dþd,515362857,1978746400
163,Dþd,515362857,1978746400
164,Dþd,515362857,1978746400
165,Dþd,515362857,1978746400
166,Dþd,515362857,1978746400
167,Dþd,515362857,1978746400
168,Dþd,515362857,1978746400
169,Dþd,515362857,1978746400
170,Dþd,515362857,1978746400
171,Dþd,515362857,1978746400
172,Dþd,515362857,1978746400
173,Dþd,515362857,1978746400
174,Dþd,515362857,1978746400
175,Dþd,515362857,1978746400
176,Dþd,515362857,1978746400
177,Dþd,515362857,1978746400
178,Dþd,515362857,1978746400
179,Dþd,515362857,1978746400
180,Dþd,515362857,1978746400
181,Dþd,515362857,1978746400
182,Dþd,515362857,1978746400
183,Dþd,515362857,1978746400
184,Dþd,515362857,1978746400
185,Dþd,515362857,1978746400
186,Dþd,515362857,1978746400
187,Dþd,515362857,1978746400
188,Dþd,515362857,1978746400
189,Dþd,515362857,1978746400
190,Dþd,515362857,1978746400
191,Dþd,515362857,1978746400
192,Dþd,515362857,1978746400
193,Dþd,515362857,1978746400
194,Dþd,515362857,1978746400
195,Dþd,515362857,1978746400
196,Dþd,515362857,1978746400
197,Dþd,515362857,1978746400
198,Dþd,515362857,1978746400
199,Dþd,515362857,1978746400
200,Dþd,515362857,1978746400
201,Dþd,515362857,1978746400
202,Dþd,515362857,1978746400
203,Dþd,515362857,1978746400
204,Dþd,515362857,1978746400
205,Dþd,515362857,1978746400
206,Dþd,515362857,1978746400
207,Dþd,515362857,1978746400
208,Dþd,515362857,1978746400
209,Dþd,515362857,1978746400
210,Dþd,515362857,1978746400
211,Dþd,515362857,1978746400
212,Dþd,515362857,1978746400
213,Dþd,515362857,1978746400
214,Dþd,515362857,1978746400
215,Dþd,515362857,1978746400
216,Dþd,515362857,1978746400
217,Dþd,515362857,1978746400
218,Dþd,515362857,1978746400
219,Dþd,515362857,1978746400
220,Dþd,515362857,1978746400
221,Dþd,515362857,1978746400
222,Dþd,515362857,1978746400
223,Dþd,515362857,1978746400
224,Dþd,515362857,1978746400
225,Dþd,515362857,1978746400
226,Dþd,515362857,1978746400
227,Dþd,515362857,1978746400
228,Dþd,515362857,1978746400
229,Dþd,515362857,1978746400
230,Dþd,515362857,1978746400
231,Dþd,515362857,1978746400
232,Dþd,515362857,1978746400
233,Dþd,515362857,1978746400
234,Dþd,515362857,1978746400
235,Dþd,515362857,1978746400
236,Dþd,515362857,1978746400
237,Dþd,515362857,1978746400
238,Dþd,515362857,1978746400
239,Dþd,515362857,1978746400
240,Dþd,515362857,1978746400
241,Dþd,515362857,1978746400
242,Dþd,515362857,1978746400
243,Dþd,515362857,1978746400
244,Dþd,515362857,1978746400
245,Dþd,515362857,1978746400
246,Dþd,515362857,1978746400
247,Dþd,515362857,1978746400
248,Dþd,515362857,1978746400
249,Dþd,515362857,1978746400
250,Dþd,515362857,1978746400
251,Dþd,515362857,1978746400
252,Dþd,515362857,1978746400
253,Dþd,515362857,1978746400
254,Dþd,515362857,1978746400
255,Dþd,515362857,1978746400
256,Dþd,515362857,1978746400
257,Dþd,515362857,1978746400
258,Dþd,515362857,1978746400
259,Dþd,515362857,1978746400
260,Dþd,515362857,1978746400
261,Dþd,515362857,1978746400
262,Dþd,515362857,1978746400
263,Dþd,515362857,1978746400
264,Dþd,515362857,1978746400
265,Dþd,515362857,1978746400
266,Dþd,515362857,1978746400
267,Dþd,515362857,1978746400
268,Dþd,515362857,1978746400
269,Dþd,515362857,1978746400
270,Dþd,515362857,1978746400
271,Dþd,515362857,1978746400
272,Dþd,515362857,1978746400
273,Dþd,515362857,1978746400
274,Dþd,515362857,1978746400
275,Dþd,515362857,1978746400
276,Dþd,515362857,1978746400
277,Dþd,515362857,1978746400
278,Dþd,515362857,1978746400
279,Dþd,515362857,1978746400
280,Dþd,515362857,1978746400
281,Dþd,515362857,1978746400
282,Dþd,515362857,1978746400
283,Dþd,515362857,1978746400
284,Dþd,515362857,1978746400
285,Dþd,515362857,1978746400
286,Dþd,515362857,1978746400
287,Dþ